topic,sentiment_mean,sentiment_std,subjectivity_mean,subjectivity_std,counting
Causes,-0.31000859065819597,0.7673622330843946,-0.3470818898643857,0.13729452530702538,4.0
Hazard,0.0407435348762498,1.0592370049834061,-0.21502771310256688,0.5294165224780485,30.0
Impacts,-0.10867931115823651,0.5920352424319044,0.1243618814534784,1.0579242829453046,10.0
Mitigation,0.13994017849095686,0.8841207361254471,0.7376720447838743,1.587638138150244,8.0
