topic,sentiment_mean,sentiment_std,subjectivity_mean,subjectivity_std,counting
Causes,-0.2737409347939639,0.7521932737858208,-0.3233695204184427,0.09216518976373446,4.0
Hazard,0.06189123633588838,1.0569502011520648,-0.1285191380720467,0.6499108205393561,28.0
Impacts,-0.10056229816408807,0.5940946885899073,0.008685176227155774,1.0561112632565022,9.0
Mitigation,0.040295686463967514,0.8608189387354677,0.5218616812173721,1.518831783587118,7.0
